Date,Drug,Opening_Balance,Quantity_Received,Consumption,Losses_Adjustments,Closing_Balance,Days_Out_of_Stock,Stock_Out,month,year,quarter,consumption_lag_1,consumption_roll_mean_3
2020-03-01,Amlodipine 5mg,4650,7170,2047.0,50,9723,0,0,3,2020,1,2453.0,2250.0
2020-04-01,Amlodipine 5mg,9723,0,2077.0,181,7465,0,0,4,2020,2,2047.0,2192.3333333333335
2020-05-01,Amlodipine 5mg,7465,0,2685.0,26,4754,0,0,5,2020,2,2077.0,2269.6666666666665
2020-06-01,Amlodipine 5mg,4754,7170,2363.0,29,9532,0,0,6,2020,2,2685.0,2375.0
2020-07-01,Amlodipine 5mg,9532,0,2224.0,186,7122,0,0,7,2020,3,2363.0,2424.0
2020-08-01,Amlodipine 5mg,7122,0,2593.0,126,4403,0,0,8,2020,3,2224.0,2393.3333333333335
2020-09-01,Amlodipine 5mg,4403,7170,2368.0,64,9141,0,0,9,2020,3,2593.0,2395.0
2020-11-01,Amlodipine 5mg,9029,0,2361.0,151,6517,0,0,11,2020,4,2368.0,2440.6666666666665
2020-12-01,Amlodipine 5mg,6517,7170,2045.0,35,11607,0,0,12,2020,4,2361.0,2258.0
2021-01-01,Amlodipine 5mg,11607,0,2303.0,188,9116,0,0,1,2021,1,2045.0,2236.3333333333335
2021-02-01,Amlodipine 5mg,9116,0,2243.0,6,6867,0,0,2,2021,1,2303.0,2197.0
2021-03-01,Amlodipine 5mg,6867,7170,2147.0,78,11812,0,0,3,2021,1,2243.0,2231.0
2021-06-01,Amlodipine 5mg,11549,7170,2347.0,82,16290,0,0,6,2021,2,2147.0,2245.6666666666665
2021-08-01,Amlodipine 5mg,16042,0,2676.0,167,13199,0,0,8,2021,3,2347.0,2390.0
2021-09-01,Amlodipine 5mg,13199,7170,2287.0,115,17967,3,1,9,2021,3,2676.0,2436.6666666666665
2021-10-01,Amlodipine 5mg,17967,0,2678.0,345,14944,2,1,10,2021,4,2287.0,2547.0
2021-12-01,Amlodipine 5mg,14649,7170,2089.0,73,19657,0,0,12,2021,4,2678.0,2351.3333333333335
2022-01-01,Amlodipine 5mg,19657,0,2066.0,284,17307,0,0,1,2022,1,2089.0,2277.6666666666665
2022-02-01,Amlodipine 5mg,17307,0,2709.0,108,14490,0,0,2,2022,1,2066.0,2288.0
2022-03-01,Amlodipine 5mg,14490,7170,2232.0,265,19163,0,0,3,2022,1,2709.0,2335.6666666666665
2022-04-01,Amlodipine 5mg,19163,0,2073.0,218,16872,0,0,4,2022,2,2232.0,2338.0
2022-05-01,Amlodipine 5mg,16872,0,2059.0,281,14532,0,0,5,2022,2,2073.0,2121.3333333333335
2022-06-01,Amlodipine 5mg,14532,7170,2451.0,263,18988,5,1,6,2022,2,2059.0,2194.3333333333335
2022-07-01,Amlodipine 5mg,18988,0,2586.0,235,16167,0,0,7,2022,3,2451.0,2365.3333333333335
2022-08-01,Amlodipine 5mg,16167,0,2039.0,309,13819,1,1,8,2022,3,2586.0,2358.6666666666665
2022-09-01,Amlodipine 5mg,13819,7170,2083.0,168,18738,0,0,9,2022,3,2039.0,2236.0
2022-10-01,Amlodipine 5mg,18738,0,2610.0,280,15848,0,0,10,2022,4,2083.0,2244.0
2022-11-01,Amlodipine 5mg,15848,0,2475.0,210,13163,0,0,11,2022,4,2610.0,2389.3333333333335
2022-12-01,Amlodipine 5mg,13163,7170,2090.0,10,18233,0,0,12,2022,4,2475.0,2391.6666666666665
2023-01-01,Amlodipine 5mg,18233,0,2065.0,237,15931,0,0,1,2023,1,2090.0,2210.0
2023-02-01,Amlodipine 5mg,15931,0,2391.0,99,13441,0,0,2,2023,1,2065.0,2182.0
2023-03-01,Amlodipine 5mg,13441,7170,2652.0,213,17746,0,0,3,2023,1,2391.0,2369.3333333333335
2023-04-01,Amlodipine 5mg,17746,0,2689.0,40,15017,0,0,4,2023,2,2652.0,2577.3333333333335
2023-05-01,Amlodipine 5mg,15017,0,2479.0,5,12533,0,0,5,2023,2,2689.0,2606.6666666666665
2023-07-01,Amlodipine 5mg,19661,0,2177.0,110,17374,0,0,7,2023,3,2479.0,2448.3333333333335
2023-08-01,Amlodipine 5mg,17374,0,2235.0,82,15057,1,1,8,2023,3,2177.0,2297.0
2023-09-01,Amlodipine 5mg,15057,7170,2536.0,98,19593,0,0,9,2023,3,2235.0,2316.0
2023-10-01,Amlodipine 5mg,19593,0,2364.0,25,17204,0,0,10,2023,4,2536.0,2378.3333333333335
2023-11-01,Amlodipine 5mg,17204,0,2604.0,85,14515,0,0,11,2023,4,2364.0,2501.3333333333335
2023-12-01,Amlodipine 5mg,14515,7170,2318.0,173,19194,0,0,12,2023,4,2604.0,2428.6666666666665
2024-01-01,Amlodipine 5mg,19194,0,2742.0,293,16159,0,0,1,2024,1,2318.0,2554.6666666666665
2024-02-01,Amlodipine 5mg,16159,0,2485.0,157,13517,2,1,2,2024,1,2742.0,2515.0
2024-03-01,Amlodipine 5mg,13517,7170,2368.0,186,18133,0,0,3,2024,1,2485.0,2531.6666666666665
2024-04-01,Amlodipine 5mg,18133,0,2340.0,197,15596,0,0,4,2024,2,2368.0,2397.6666666666665
2024-05-01,Amlodipine 5mg,15596,0,2381.0,32,13183,0,0,5,2024,2,2340.0,2363.0
2024-06-01,Amlodipine 5mg,13183,7170,2619.0,20,17714,0,0,6,2024,2,2381.0,2446.6666666666665
2024-07-01,Amlodipine 5mg,17714,0,2551.0,30,15133,4,1,7,2024,3,2619.0,2517.0
2024-08-01,Amlodipine 5mg,15133,0,2404.0,135,12594,0,0,8,2024,3,2551.0,2524.6666666666665
2024-09-01,Amlodipine 5mg,12594,7170,2035.0,105,17624,0,0,9,2024,3,2404.0,2330.0
2024-10-01,Amlodipine 5mg,17624,0,2443.0,301,14880,2,1,10,2024,4,2035.0,2294.0
2024-11-01,Amlodipine 5mg,14880,0,2405.0,109,12366,0,0,11,2024,4,2443.0,2294.3333333333335
2024-12-01,Amlodipine 5mg,12366,7170,2494.0,101,16941,0,0,12,2024,4,2405.0,2447.3333333333335
2020-02-01,Atenolol 50mg,3252,0,1653.0,25,1574,7,1,2,2020,1,1831.0,1742.0
2020-03-01,Atenolol 50mg,1574,5151,1541.0,15,5169,0,0,3,2020,1,1653.0,1675.0
2020-04-01,Atenolol 50mg,5169,0,1468.0,79,3622,5,1,4,2020,2,1541.0,1554.0
2020-05-01,Atenolol 50mg,3622,0,1480.0,42,2100,0,0,5,2020,2,1468.0,1496.3333333333333
2020-06-01,Atenolol 50mg,2100,5151,1584.0,17,5650,0,0,6,2020,2,1480.0,1510.6666666666667
2020-07-01,Atenolol 50mg,5650,0,1974.0,34,3642,0,0,7,2020,3,1584.0,1679.3333333333333
2020-08-01,Atenolol 50mg,3642,0,1859.0,51,1732,1,1,8,2020,3,1974.0,1805.6666666666667
2020-09-01,Atenolol 50mg,1732,5151,1620.0,29,5234,0,0,9,2020,3,1859.0,1817.6666666666667
2020-10-01,Atenolol 50mg,5234,0,1687.0,96,3451,0,0,10,2020,4,1620.0,1722.0
2020-11-01,Atenolol 50mg,3451,0,1682.0,33,1736,0,0,11,2020,4,1687.0,1663.0
2020-12-01,Atenolol 50mg,1736,5151,1480.0,8,5399,0,0,12,2020,4,1682.0,1616.3333333333333
2021-01-01,Atenolol 50mg,5399,0,1760.0,70,3569,0,0,1,2021,1,1480.0,1640.6666666666667
2021-02-01,Atenolol 50mg,3569,0,1644.0,49,1876,0,0,2,2021,1,1760.0,1628.0
2021-03-01,Atenolol 50mg,1876,5151,1749.0,20,5258,0,0,3,2021,1,1644.0,1717.6666666666667
2021-04-01,Atenolol 50mg,5258,0,1819.0,7,3432,0,0,4,2021,2,1749.0,1737.3333333333333
2021-05-01,Atenolol 50mg,3432,0,1498.0,50,1884,0,0,5,2021,2,1819.0,1688.6666666666667
2021-06-01,Atenolol 50mg,1884,5151,1481.0,29,5525,0,0,6,2021,2,1498.0,1599.3333333333333
2021-07-01,Atenolol 50mg,5525,0,1745.0,24,3756,0,0,7,2021,3,1481.0,1574.6666666666667
2021-08-01,Atenolol 50mg,3756,0,1807.0,15,1934,0,0,8,2021,3,1745.0,1677.6666666666667
2021-09-01,Atenolol 50mg,1934,5151,1545.0,18,5522,0,0,9,2021,3,1807.0,1699.0
2021-10-01,Atenolol 50mg,5522,0,1734.0,7,3781,0,0,10,2021,4,1545.0,1695.3333333333333
2021-11-01,Atenolol 50mg,3781,0,1761.0,41,1979,0,0,11,2021,4,1734.0,1680.0
2021-12-01,Atenolol 50mg,1979,5151,1547.0,28,5555,0,0,12,2021,4,1761.0,1680.6666666666667
2022-01-01,Atenolol 50mg,5555,0,1609.0,63,3883,0,0,1,2022,1,1547.0,1639.0
2022-02-01,Atenolol 50mg,3883,0,1542.0,35,2306,0,0,2,2022,1,1609.0,1566.0
2022-03-01,Atenolol 50mg,2306,5151,1628.0,5,5824,2,1,3,2022,1,1542.0,1593.0
2022-04-01,Atenolol 50mg,5824,0,1703.0,68,4053,0,0,4,2022,2,1628.0,1624.3333333333333
2022-05-01,Atenolol 50mg,4053,0,1550.0,6,2497,0,0,5,2022,2,1703.0,1627.0
2022-06-01,Atenolol 50mg,2497,5151,1715.0,47,5886,0,0,6,2022,2,1550.0,1656.0
2022-07-01,Atenolol 50mg,5886,0,1490.0,10,4386,0,0,7,2022,3,1715.0,1585.0
2022-08-01,Atenolol 50mg,4386,0,1812.0,28,2546,3,1,8,2022,3,1490.0,1672.3333333333333
2022-10-01,Atenolol 50mg,0,0,1914.0,0,0,0,0,10,2022,4,1812.0,1738.6666666666667
2022-11-01,Atenolol 50mg,0,0,1714.0,0,0,1,1,11,2022,4,1914.0,1813.3333333333333
2022-12-01,Atenolol 50mg,0,5151,1900.0,0,3251,0,0,12,2022,4,1714.0,1842.6666666666667
2023-01-01,Atenolol 50mg,3251,0,1828.0,35,1388,5,1,1,2023,1,1900.0,1814.0
2023-02-01,Atenolol 50mg,1388,0,1906.0,2,0,1,1,2,2023,1,1828.0,1878.0
2023-04-01,Atenolol 50mg,5151,0,1870.0,23,3258,0,0,4,2023,2,1906.0,1868.0
2023-05-01,Atenolol 50mg,3258,0,1939.0,4,1315,0,0,5,2023,2,1870.0,1905.0
2023-06-01,Atenolol 50mg,1315,5151,1795.0,26,4645,0,0,6,2023,2,1939.0,1868.0
2023-07-01,Atenolol 50mg,4645,0,1766.0,65,2814,0,0,7,2023,3,1795.0,1833.3333333333333
2023-08-01,Atenolol 50mg,2814,0,1712.0,30,1072,0,0,8,2023,3,1766.0,1757.6666666666667
2023-09-01,Atenolol 50mg,1072,5151,1463.0,19,4741,0,0,9,2023,3,1712.0,1647.0
2023-10-01,Atenolol 50mg,4741,0,1544.0,83,3114,0,0,10,2023,4,1463.0,1573.0
2023-11-01,Atenolol 50mg,3114,0,1725.0,53,1336,1,1,11,2023,4,1544.0,1577.3333333333333
2023-12-01,Atenolol 50mg,1336,5151,1971.0,7,4509,0,0,12,2023,4,1725.0,1746.6666666666667
2024-01-01,Atenolol 50mg,4509,0,1537.0,61,2911,1,1,1,2024,1,1971.0,1744.3333333333333
2024-02-01,Atenolol 50mg,2911,0,1558.0,31,1322,1,1,2,2024,1,1537.0,1688.6666666666667
2024-03-01,Atenolol 50mg,1322,5151,1834.0,9,4630,0,0,3,2024,1,1558.0,1643.0
2024-04-01,Atenolol 50mg,4630,0,1473.0,77,3080,0,0,4,2024,2,1834.0,1621.6666666666667
2024-05-01,Atenolol 50mg,3080,0,1518.0,17,1545,0,0,5,2024,2,1473.0,1608.3333333333333
2024-07-01,Atenolol 50mg,6679,0,1620.0,51,5008,0,0,7,2024,3,1518.0,1537.0
2024-08-01,Atenolol 50mg,5008,0,1676.0,87,3245,0,0,8,2024,3,1620.0,1604.6666666666667
2024-09-01,Atenolol 50mg,3245,5151,1694.0,38,6664,0,0,9,2024,3,1676.0,1663.3333333333333
2024-11-01,Atenolol 50mg,6634,0,1818.0,73,4743,0,0,11,2024,4,1694.0,1729.3333333333333
2024-12-01,Atenolol 50mg,4743,5151,1546.0,76,8272,0,0,12,2024,4,1818.0,1686.0
2020-03-01,Atorvastatin 20mg,2994,4272,1368.0,40,5858,0,0,3,2020,1,1266.0,1317.0
2020-06-01,Atorvastatin 20mg,5757,4272,1426.0,44,8559,1,1,6,2020,2,1368.0,1353.3333333333333
2020-09-01,Atorvastatin 20mg,8453,4272,1482.0,70,11173,0,0,9,2020,3,1426.0,1425.3333333333333
2020-10-01,Atorvastatin 20mg,11173,0,1598.0,216,9359,2,1,10,2020,4,1482.0,1502.0
2020-11-01,Atorvastatin 20mg,9359,0,1216.0,92,8051,0,0,11,2020,4,1598.0,1432.0
2020-12-01,Atorvastatin 20mg,8051,4272,1310.0,78,10935,0,0,12,2020,4,1216.0,1374.6666666666667
2021-01-01,Atorvastatin 20mg,10935,0,1518.0,7,9410,0,0,1,2021,1,1310.0,1348.0
2021-02-01,Atorvastatin 20mg,9410,0,1279.0,14,8117,0,0,2,2021,1,1518.0,1369.0
2021-03-01,Atorvastatin 20mg,8117,4272,1367.0,125,10897,0,0,3,2021,1,1279.0,1388.0
2021-04-01,Atorvastatin 20mg,10897,0,1433.0,47,9417,0,0,4,2021,2,1367.0,1359.6666666666667
2021-05-01,Atorvastatin 20mg,9417,0,1383.0,130,7904,0,0,5,2021,2,1433.0,1394.3333333333333
2021-06-01,Atorvastatin 20mg,7904,4272,1497.0,118,10561,0,0,6,2021,2,1383.0,1437.6666666666667
2021-08-01,Atorvastatin 20mg,10363,0,1335.0,188,8840,3,1,8,2021,3,1497.0,1405.0
2021-09-01,Atorvastatin 20mg,8840,4272,1461.0,27,11624,0,0,9,2021,3,1335.0,1431.0
2021-10-01,Atorvastatin 20mg,11624,0,1348.0,61,10215,0,0,10,2021,4,1461.0,1381.3333333333333
2021-11-01,Atorvastatin 20mg,10215,0,1510.0,133,8572,0,0,11,2021,4,1348.0,1439.6666666666667
2021-12-01,Atorvastatin 20mg,8572,4272,1619.0,35,11190,0,0,12,2021,4,1510.0,1492.3333333333333
2022-01-01,Atorvastatin 20mg,11190,0,1492.0,124,9574,0,0,1,2022,1,1619.0,1540.3333333333333
2022-02-01,Atorvastatin 20mg,9574,0,1498.0,32,8044,0,0,2,2022,1,1492.0,1536.3333333333333
2022-03-01,Atorvastatin 20mg,8044,4272,1240.0,105,10971,1,1,3,2022,1,1498.0,1410.0
2022-04-01,Atorvastatin 20mg,10971,0,1235.0,50,9686,0,0,4,2022,2,1240.0,1324.3333333333333
2022-05-01,Atorvastatin 20mg,9686,0,1425.0,137,8124,0,0,5,2022,2,1235.0,1300.0
2022-06-01,Atorvastatin 20mg,8124,4272,1499.0,93,10804,0,0,6,2022,2,1425.0,1386.3333333333333
2022-08-01,Atorvastatin 20mg,10626,0,1533.0,22,9071,0,0,8,2022,3,1499.0,1485.6666666666667
2022-09-01,Atorvastatin 20mg,9071,4272,1495.0,126,11722,0,0,9,2022,3,1533.0,1509.0
2022-10-01,Atorvastatin 20mg,11722,0,1382.0,20,10320,0,0,10,2022,4,1495.0,1470.0
2022-11-01,Atorvastatin 20mg,10320,0,1554.0,117,8649,0,0,11,2022,4,1382.0,1477.0
2022-12-01,Atorvastatin 20mg,8649,4272,1540.0,149,11232,0,0,12,2022,4,1554.0,1492.0
2023-01-01,Atorvastatin 20mg,11232,0,1228.0,127,9877,1,1,1,2023,1,1540.0,1440.6666666666667
2023-02-01,Atorvastatin 20mg,9877,0,1242.0,77,8558,0,0,2,2023,1,1228.0,1336.6666666666667
2023-03-01,Atorvastatin 20mg,8558,4272,1415.0,96,11319,0,0,3,2023,1,1242.0,1295.0
2023-04-01,Atorvastatin 20mg,11319,0,1378.0,45,9896,1,1,4,2023,2,1415.0,1345.0
2023-05-01,Atorvastatin 20mg,9896,0,1453.0,18,8425,1,1,5,2023,2,1378.0,1415.3333333333333
2023-06-01,Atorvastatin 20mg,8425,4272,1572.0,6,11119,0,0,6,2023,2,1453.0,1467.6666666666667
2023-07-01,Atorvastatin 20mg,11119,0,1246.0,68,9805,0,0,7,2023,3,1572.0,1423.6666666666667
2023-09-01,Atorvastatin 20mg,9699,4272,1350.0,160,12461,0,0,9,2023,3,1246.0,1389.3333333333333
2023-10-01,Atorvastatin 20mg,12461,0,1499.0,246,10716,0,0,10,2023,4,1350.0,1365.0
2023-11-01,Atorvastatin 20mg,10716,0,1343.0,89,9284,0,0,11,2023,4,1499.0,1397.3333333333333
2023-12-01,Atorvastatin 20mg,9284,4272,1558.0,84,11914,0,0,12,2023,4,1343.0,1466.6666666666667
2024-01-01,Atorvastatin 20mg,11914,0,1466.0,174,10274,3,1,1,2024,1,1558.0,1455.6666666666667
2024-02-01,Atorvastatin 20mg,10274,0,1592.0,67,8615,0,0,2,2024,1,1466.0,1538.6666666666667
2024-03-01,Atorvastatin 20mg,8615,4272,1325.0,4,11558,0,0,3,2024,1,1592.0,1461.0
2024-04-01,Atorvastatin 20mg,11558,0,1538.0,59,9961,0,0,4,2024,2,1325.0,1485.0
2024-05-01,Atorvastatin 20mg,9961,0,1471.0,11,8479,0,0,5,2024,2,1538.0,1444.6666666666667
2024-06-01,Atorvastatin 20mg,8479,4272,1418.0,22,11311,0,0,6,2024,2,1471.0,1475.6666666666667
2024-07-01,Atorvastatin 20mg,11311,0,1478.0,8,9825,0,0,7,2024,3,1418.0,1455.6666666666667
2024-08-01,Atorvastatin 20mg,9825,0,1471.0,133,8221,0,0,8,2024,3,1478.0,1455.6666666666667
2024-09-01,Atorvastatin 20mg,8221,4272,1222.0,13,11258,0,0,9,2024,3,1471.0,1390.3333333333333
2024-10-01,Atorvastatin 20mg,11258,0,1264.0,209,9785,0,0,10,2024,4,1222.0,1319.0
2024-11-01,Atorvastatin 20mg,9785,0,1584.0,145,8056,0,0,11,2024,4,1264.0,1356.6666666666667
2024-12-01,Atorvastatin 20mg,8056,4272,1241.0,13,11074,0,0,12,2024,4,1584.0,1363.0
2020-02-01,Bendroflumethiazide 2.5mg,2566,0,1180.0,33,1353,0,0,2,2020,1,1256.0,1218.0
2020-03-01,Bendroflumethiazide 2.5mg,1353,3888,1249.0,20,3972,0,0,3,2020,1,1180.0,1228.3333333333333
2020-04-01,Bendroflumethiazide 2.5mg,3972,0,1370.0,5,2597,0,0,4,2020,2,1249.0,1266.3333333333333
2020-05-01,Bendroflumethiazide 2.5mg,2597,0,1207.0,13,1377,0,0,5,2020,2,1370.0,1275.3333333333333
2020-06-01,Bendroflumethiazide 2.5mg,1377,3888,1214.0,3,4048,0,0,6,2020,2,1207.0,1263.6666666666667
2020-07-01,Bendroflumethiazide 2.5mg,4048,0,1312.0,2,2734,0,0,7,2020,3,1214.0,1244.3333333333333
2020-08-01,Bendroflumethiazide 2.5mg,2734,0,1298.0,54,1382,0,0,8,2020,3,1312.0,1274.6666666666667
2020-09-01,Bendroflumethiazide 2.5mg,1382,3888,1406.0,21,3843,0,0,9,2020,3,1298.0,1338.6666666666667
2020-11-01,Bendroflumethiazide 2.5mg,3843,0,1257.0,52,2534,0,0,11,2020,4,1406.0,1320.3333333333333
2020-12-01,Bendroflumethiazide 2.5mg,2534,3888,1442.0,32,4948,0,0,12,2020,4,1257.0,1368.3333333333333
2021-01-01,Bendroflumethiazide 2.5mg,4948,0,1336.0,51,3561,0,0,1,2021,1,1442.0,1345.0
2021-02-01,Bendroflumethiazide 2.5mg,3561,0,1281.0,40,2240,0,0,2,2021,1,1336.0,1353.0
2021-03-01,Bendroflumethiazide 2.5mg,2240,3888,1188.0,36,4904,0,0,3,2021,1,1281.0,1268.3333333333333
2021-04-01,Bendroflumethiazide 2.5mg,4904,0,1330.0,38,3536,1,1,4,2021,2,1188.0,1266.3333333333333
2021-06-01,Bendroflumethiazide 2.5mg,3488,3888,1224.0,16,6136,4,1,6,2021,2,1330.0,1247.3333333333333
2021-07-01,Bendroflumethiazide 2.5mg,6136,0,1319.0,97,4720,0,0,7,2021,3,1224.0,1291.0
2021-08-01,Bendroflumethiazide 2.5mg,4720,0,1344.0,6,3370,0,0,8,2021,3,1319.0,1295.6666666666667
2021-09-01,Bendroflumethiazide 2.5mg,3370,3888,1488.0,52,5718,0,0,9,2021,3,1344.0,1383.6666666666667
2021-10-01,Bendroflumethiazide 2.5mg,5718,0,1471.0,73,4174,2,1,10,2021,4,1488.0,1434.3333333333333
2021-11-01,Bendroflumethiazide 2.5mg,4174,0,1457.0,55,2662,0,0,11,2021,4,1471.0,1472.0
2021-12-01,Bendroflumethiazide 2.5mg,2662,3888,1197.0,13,5340,0,0,12,2021,4,1457.0,1375.0
2022-01-01,Bendroflumethiazide 2.5mg,5340,0,1153.0,19,4168,0,0,1,2022,1,1197.0,1269.0
2022-02-01,Bendroflumethiazide 2.5mg,4168,0,1171.0,1,2996,0,0,2,2022,1,1153.0,1173.6666666666667
2022-03-01,Bendroflumethiazide 2.5mg,2996,3888,1152.0,3,5729,0,0,3,2022,1,1171.0,1158.6666666666667
2022-05-01,Bendroflumethiazide 2.5mg,5667,0,1196.0,83,4388,1,1,5,2022,2,1152.0,1173.0
2022-06-01,Bendroflumethiazide 2.5mg,4388,3888,1470.0,19,6787,0,0,6,2022,2,1196.0,1272.6666666666667
2022-08-01,Bendroflumethiazide 2.5mg,6772,0,1310.0,36,5426,0,0,8,2022,3,1470.0,1325.3333333333333
2022-09-01,Bendroflumethiazide 2.5mg,5426,3888,1200.0,36,8078,0,0,9,2022,3,1310.0,1326.6666666666667
2022-10-01,Bendroflumethiazide 2.5mg,8078,0,1274.0,26,6778,0,0,10,2022,4,1200.0,1261.3333333333333
2022-11-01,Bendroflumethiazide 2.5mg,6778,0,1241.0,102,5435,0,0,11,2022,4,1274.0,1238.3333333333333
2022-12-01,Bendroflumethiazide 2.5mg,5435,3888,1460.0,105,7758,0,0,12,2022,4,1241.0,1325.0
2023-01-01,Bendroflumethiazide 2.5mg,7758,0,1465.0,67,6226,0,0,1,2023,1,1460.0,1388.6666666666667
2023-02-01,Bendroflumethiazide 2.5mg,6226,0,1340.0,32,4854,0,0,2,2023,1,1465.0,1421.6666666666667
2023-03-01,Bendroflumethiazide 2.5mg,4854,3888,1312.0,73,7357,0,0,3,2023,1,1340.0,1372.3333333333333
2023-05-01,Bendroflumethiazide 2.5mg,7328,0,1250.0,37,6041,0,0,5,2023,2,1312.0,1300.6666666666667
2023-06-01,Bendroflumethiazide 2.5mg,6041,3888,1351.0,74,8504,0,0,6,2023,2,1250.0,1304.3333333333333
2023-07-01,Bendroflumethiazide 2.5mg,8504,0,1487.0,71,6946,0,0,7,2023,3,1351.0,1362.6666666666667
2023-08-01,Bendroflumethiazide 2.5mg,6946,0,1347.0,48,5551,0,0,8,2023,3,1487.0,1395.0
2023-09-01,Bendroflumethiazide 2.5mg,5551,3888,1176.0,53,8210,0,0,9,2023,3,1347.0,1336.6666666666667
2023-10-01,Bendroflumethiazide 2.5mg,8210,0,1314.0,117,6779,0,0,10,2023,4,1176.0,1279.0
2023-11-01,Bendroflumethiazide 2.5mg,6779,0,1259.0,79,5441,2,1,11,2023,4,1314.0,1249.6666666666667
2024-01-01,Bendroflumethiazide 2.5mg,9241,0,1468.0,58,7715,0,0,1,2024,1,1259.0,1347.0
2024-02-01,Bendroflumethiazide 2.5mg,7715,0,1262.0,37,6416,0,0,2,2024,1,1468.0,1329.6666666666667
2024-03-01,Bendroflumethiazide 2.5mg,6416,3888,1123.0,70,9111,3,1,3,2024,1,1262.0,1284.3333333333333
2024-05-01,Bendroflumethiazide 2.5mg,8939,0,1367.0,86,7486,0,0,5,2024,2,1123.0,1250.6666666666667
2024-06-01,Bendroflumethiazide 2.5mg,7486,3888,1287.0,138,9949,7,1,6,2024,2,1367.0,1259.0
2024-07-01,Bendroflumethiazide 2.5mg,9949,0,1316.0,177,8456,0,0,7,2024,3,1287.0,1323.3333333333333
2024-08-01,Bendroflumethiazide 2.5mg,8456,0,1297.0,87,7072,0,0,8,2024,3,1316.0,1300.0
2024-09-01,Bendroflumethiazide 2.5mg,7072,3888,1483.0,23,9454,0,0,9,2024,3,1297.0,1365.3333333333333
2024-10-01,Bendroflumethiazide 2.5mg,9454,0,1343.0,55,8056,0,0,10,2024,4,1483.0,1374.3333333333333
2024-11-01,Bendroflumethiazide 2.5mg,8056,0,1364.0,65,6627,0,0,11,2024,4,1343.0,1396.6666666666667
2024-12-01,Bendroflumethiazide 2.5mg,6627,3888,1340.0,92,9083,0,0,12,2024,4,1364.0,1349.0
2020-02-01,Glibenclamide 5mg,1193,0,612.0,18,563,0,0,2,2020,1,492.0,552.0
2020-03-01,Glibenclamide 5mg,563,1692,540.0,7,1708,0,0,3,2020,1,612.0,548.0
2020-05-01,Glibenclamide 5mg,1675,0,527.0,6,1142,0,0,5,2020,2,540.0,559.6666666666666
2020-06-01,Glibenclamide 5mg,1142,1692,484.0,9,2341,0,0,6,2020,2,527.0,517.0
2020-07-01,Glibenclamide 5mg,2341,0,564.0,16,1761,0,0,7,2020,3,484.0,525.0
2020-08-01,Glibenclamide 5mg,1761,0,512.0,30,1219,0,0,8,2020,3,564.0,520.0
2020-09-01,Glibenclamide 5mg,1219,1692,605.0,18,2288,0,0,9,2020,3,512.0,560.3333333333334
2020-10-01,Glibenclamide 5mg,2288,0,538.0,34,1716,0,0,10,2020,4,605.0,551.6666666666666
2020-11-01,Glibenclamide 5mg,1716,0,647.0,13,1056,0,0,11,2020,4,538.0,596.6666666666666
2020-12-01,Glibenclamide 5mg,1056,1692,554.0,18,2176,0,0,12,2020,4,647.0,579.6666666666666
2021-01-01,Glibenclamide 5mg,2176,0,546.0,5,1625,0,0,1,2021,1,554.0,582.3333333333334
2021-03-01,Glibenclamide 5mg,1593,1692,534.0,11,2740,0,0,3,2021,1,546.0,544.6666666666666
2021-04-01,Glibenclamide 5mg,2740,0,645.0,38,2057,0,0,4,2021,2,534.0,575.0
2021-05-01,Glibenclamide 5mg,2057,0,498.0,30,1529,0,0,5,2021,2,645.0,559.0
2021-06-01,Glibenclamide 5mg,1529,1692,571.0,0,2650,0,0,6,2021,2,498.0,571.3333333333334
2021-07-01,Glibenclamide 5mg,2650,0,539.0,27,2084,0,0,7,2021,3,571.0,536.0
2021-08-01,Glibenclamide 5mg,2084,0,523.0,32,1529,0,0,8,2021,3,539.0,544.3333333333334
2021-09-01,Glibenclamide 5mg,1529,1692,515.0,15,2691,0,0,9,2021,3,523.0,525.6666666666666
2021-10-01,Glibenclamide 5mg,2691,0,584.0,26,2081,0,0,10,2021,4,515.0,540.6666666666666
2021-11-01,Glibenclamide 5mg,2081,0,549.0,1,1531,0,0,11,2021,4,584.0,549.3333333333334
2022-01-01,Glibenclamide 5mg,3195,0,539.0,59,2597,0,0,1,2022,1,549.0,557.3333333333334
2022-02-01,Glibenclamide 5mg,2597,0,590.0,47,1960,1,1,2,2022,1,539.0,559.3333333333334
2022-03-01,Glibenclamide 5mg,1960,1692,643.0,5,3004,0,0,3,2022,1,590.0,590.6666666666666
2022-05-01,Glibenclamide 5mg,2946,0,601.0,31,2314,0,0,5,2022,2,643.0,611.3333333333334
2022-06-01,Glibenclamide 5mg,2314,1692,537.0,19,3450,0,0,6,2022,2,601.0,593.6666666666666
2022-07-01,Glibenclamide 5mg,3450,0,513.0,67,2870,0,0,7,2022,3,537.0,550.3333333333334
2022-08-01,Glibenclamide 5mg,2870,0,604.0,46,2220,0,0,8,2022,3,513.0,551.3333333333334
2022-09-01,Glibenclamide 5mg,2220,1692,595.0,29,3288,0,0,9,2022,3,604.0,570.6666666666666
2022-10-01,Glibenclamide 5mg,3288,0,581.0,53,2654,7,1,10,2022,4,595.0,593.3333333333334
2022-12-01,Glibenclamide 5mg,2652,1692,551.0,9,3784,0,0,12,2022,4,581.0,575.6666666666666
2023-01-01,Glibenclamide 5mg,3784,0,532.0,55,3197,0,0,1,2023,1,551.0,554.6666666666666
2023-03-01,Glibenclamide 5mg,3193,1692,499.0,44,4342,0,0,3,2023,1,532.0,527.3333333333334
2023-05-01,Glibenclamide 5mg,4298,0,606.0,71,3621,0,0,5,2023,2,499.0,545.6666666666666
2023-06-01,Glibenclamide 5mg,3621,1692,572.0,30,4711,0,0,6,2023,2,606.0,559.0
2023-07-01,Glibenclamide 5mg,4711,0,498.0,86,4127,0,0,7,2023,3,572.0,558.6666666666666
2023-08-01,Glibenclamide 5mg,4127,0,5930.0,41,0,0,0,8,2023,3,498.0,2333.3333333333335
2023-09-01,Glibenclamide 5mg,0,1692,510.0,0,1182,0,0,9,2023,3,5930.0,2312.6666666666665
2023-11-01,Glibenclamide 5mg,1170,0,497.0,0,673,0,0,11,2023,4,510.0,2312.3333333333335
2024-01-01,Glibenclamide 5mg,2360,0,526.0,32,1802,0,0,1,2024,1,497.0,511.0
2024-02-01,Glibenclamide 5mg,1802,0,557.0,0,1245,0,0,2,2024,1,526.0,526.6666666666666
2024-03-01,Glibenclamide 5mg,1245,1692,540.0,8,2389,0,0,3,2024,1,557.0,541.0
2024-04-01,Glibenclamide 5mg,2389,0,578.0,46,1765,0,0,4,2024,2,540.0,558.3333333333334
2024-05-01,Glibenclamide 5mg,1765,0,544.0,26,1195,0,0,5,2024,2,578.0,554.0
2024-06-01,Glibenclamide 5mg,1195,1692,615.0,18,2254,0,0,6,2024,2,544.0,579.0
2024-07-01,Glibenclamide 5mg,2254,0,596.0,24,1634,0,0,7,2024,3,615.0,585.0
2024-08-01,Glibenclamide 5mg,1634,0,481.0,15,1138,0,0,8,2024,3,596.0,564.0
2024-09-01,Glibenclamide 5mg,1138,1692,584.0,21,2225,0,0,9,2024,3,481.0,553.6666666666666
2024-10-01,Glibenclamide 5mg,2225,0,581.0,13,1631,0,0,10,2024,4,584.0,548.6666666666666
2024-11-01,Glibenclamide 5mg,1631,0,517.0,17,1097,0,0,11,2024,4,581.0,560.6666666666666
2024-12-01,Glibenclamide 5mg,1097,1692,513.0,13,2263,0,0,12,2024,4,517.0,537.0
2020-05-01,Hydralazine 25mg,2805,0,1256.0,9,1540,0,0,5,2020,2,1590.0,1423.0
2020-07-01,Hydralazine 25mg,5909,0,1368.0,82,4459,0,0,7,2020,3,1256.0,1404.6666666666667
2020-08-01,Hydralazine 25mg,4459,0,1545.0,67,2847,0,0,8,2020,3,1368.0,1389.6666666666667
2020-09-01,Hydralazine 25mg,2847,4380,1620.0,52,5555,0,0,9,2020,3,1545.0,1511.0
2020-10-01,Hydralazine 25mg,5555,0,1592.0,24,3939,2,1,10,2020,4,1620.0,1585.6666666666667
2020-11-01,Hydralazine 25mg,3939,0,1576.0,9,2354,1,1,11,2020,4,1592.0,1596.0
2020-12-01,Hydralazine 25mg,2354,4380,1564.0,18,5152,1,1,12,2020,4,1576.0,1577.3333333333333
2021-01-01,Hydralazine 25mg,5152,0,1658.0,101,3393,1,1,1,2021,1,1564.0,1599.3333333333333
2021-02-01,Hydralazine 25mg,3393,0,1557.0,26,1810,0,0,2,2021,1,1658.0,1593.0
2021-03-01,Hydralazine 25mg,1810,4380,1394.0,9,4787,0,0,3,2021,1,1557.0,1536.3333333333333
2021-04-01,Hydralazine 25mg,4787,0,1490.0,36,3261,0,0,4,2021,2,1394.0,1480.3333333333333
2021-05-01,Hydralazine 25mg,3261,0,1596.0,58,1607,1,1,5,2021,2,1490.0,1493.3333333333333
2021-07-01,Hydralazine 25mg,0,0,1459.0,0,0,0,0,7,2021,3,1596.0,1515.0
2021-09-01,Hydralazine 25mg,0,4380,1431.0,0,2949,0,0,9,2021,3,1459.0,1495.3333333333333
2021-10-01,Hydralazine 25mg,2949,0,1303.0,2,1644,0,0,10,2021,4,1431.0,1397.6666666666667
2021-11-01,Hydralazine 25mg,1644,0,1585.0,2,57,0,0,11,2021,4,1303.0,1439.6666666666667
2021-12-01,Hydralazine 25mg,57,4380,1567.0,0,2870,3,1,12,2021,4,1585.0,1485.0
2022-01-01,Hydralazine 25mg,2870,0,1572.0,10,1288,0,0,1,2022,1,1567.0,1574.6666666666667
2022-02-01,Hydralazine 25mg,1288,0,1394.0,6,0,1,1,2,2022,1,1572.0,1511.0
2022-03-01,Hydralazine 25mg,0,4380,1388.0,0,2992,0,0,3,2022,1,1394.0,1451.3333333333333
2022-04-01,Hydralazine 25mg,2992,0,1252.0,37,1703,0,0,4,2022,2,1388.0,1344.6666666666667
2022-05-01,Hydralazine 25mg,1703,0,1558.0,19,126,0,0,5,2022,2,1252.0,1399.3333333333333
2022-06-01,Hydralazine 25mg,126,4380,1662.0,1,2843,2,1,6,2022,2,1558.0,1490.6666666666667
2022-07-01,Hydralazine 25mg,2843,0,1346.0,48,1449,0,0,7,2022,3,1662.0,1522.0
2022-09-01,Hydralazine 25mg,1494,4380,1549.0,3,4322,0,0,9,2022,3,1346.0,1519.0
2022-10-01,Hydralazine 25mg,4322,0,1610.0,76,2636,0,0,10,2022,4,1549.0,1501.6666666666667
2022-11-01,Hydralazine 25mg,2636,0,1379.0,23,1234,0,0,11,2022,4,1610.0,1512.6666666666667
2022-12-01,Hydralazine 25mg,1234,4380,1416.0,16,4182,3,1,12,2022,4,1379.0,1468.3333333333333
2023-01-01,Hydralazine 25mg,4182,0,1402.0,8,2772,0,0,1,2023,1,1416.0,1399.0
2023-02-01,Hydralazine 25mg,2772,0,1658.0,29,1085,0,0,2,2023,1,1402.0,1492.0
2023-05-01,Hydralazine 25mg,0,0,1311.0,0,0,0,0,5,2023,2,1658.0,1457.0
2023-07-01,Hydralazine 25mg,4380,0,1241.0,26,3113,2,1,7,2023,3,1311.0,1403.3333333333333
2023-08-01,Hydralazine 25mg,3113,0,1487.0,56,1570,0,0,8,2023,3,1241.0,1346.3333333333333
2023-09-01,Hydralazine 25mg,1570,4380,1624.0,2,4324,0,0,9,2023,3,1487.0,1450.6666666666667
2023-11-01,Hydralazine 25mg,4306,0,1388.0,42,2876,0,0,11,2023,4,1624.0,1499.6666666666667
2023-12-01,Hydralazine 25mg,2876,4380,1462.0,48,5746,2,1,12,2023,4,1388.0,1491.3333333333333
2024-01-01,Hydralazine 25mg,5746,0,1255.0,110,4381,0,0,1,2024,1,1462.0,1368.3333333333333
2024-02-01,Hydralazine 25mg,4381,0,1310.0,1,3070,2,1,2,2024,1,1255.0,1342.3333333333333
2024-03-01,Hydralazine 25mg,3070,4380,1515.0,17,5918,0,0,3,2024,1,1310.0,1360.0
2024-04-01,Hydralazine 25mg,5918,0,1428.0,75,4415,0,0,4,2024,2,1515.0,1417.6666666666667
2024-05-01,Hydralazine 25mg,4415,0,1358.0,22,3035,0,0,5,2024,2,1428.0,1433.6666666666667
2024-06-01,Hydralazine 25mg,3035,4380,1295.0,54,6066,0,0,6,2024,2,1358.0,1360.3333333333333
2024-08-01,Hydralazine 25mg,6038,0,1649.0,95,4294,0,0,8,2024,3,1295.0,1434.0
2024-09-01,Hydralazine 25mg,4294,4380,1558.0,46,7070,0,0,9,2024,3,1649.0,1500.6666666666667
2024-10-01,Hydralazine 25mg,7070,0,1259.0,57,5754,0,0,10,2024,4,1558.0,1488.6666666666667
2024-12-01,Hydralazine 25mg,5716,4380,1578.0,47,8471,0,0,12,2024,4,1259.0,1465.0
2020-02-01,Lisinopril 10mg,5961,0,2701.0,8,3252,0,0,2,2020,1,2579.0,2640.0
2020-04-01,Lisinopril 10mg,11914,0,3192.0,70,8652,0,0,4,2020,2,2701.0,2824.0
2020-05-01,Lisinopril 10mg,8652,0,2820.0,99,5733,0,0,5,2020,2,3192.0,2904.3333333333335
2020-06-01,Lisinopril 10mg,5733,8685,2667.0,20,11731,0,0,6,2020,2,2820.0,2893.0
2020-07-01,Lisinopril 10mg,11731,0,3059.0,212,8460,0,0,7,2020,3,2667.0,2848.6666666666665
2020-08-01,Lisinopril 10mg,8460,0,3103.0,7,5350,0,0,8,2020,3,3059.0,2943.0
2020-09-01,Lisinopril 10mg,5350,8685,2777.0,11,11247,0,0,9,2020,3,3103.0,2979.6666666666665
2020-10-01,Lisinopril 10mg,11247,0,2844.0,13,8390,0,0,10,2020,4,2777.0,2908.0
2020-11-01,Lisinopril 10mg,8390,0,2778.0,87,5525,0,0,11,2020,4,2844.0,2799.6666666666665
2020-12-01,Lisinopril 10mg,5525,8685,2498.0,3,11709,0,0,12,2020,4,2778.0,2706.6666666666665
2021-01-01,Lisinopril 10mg,11709,0,2492.0,38,9179,0,0,1,2021,1,2498.0,2589.3333333333335
2021-02-01,Lisinopril 10mg,9179,0,2946.0,69,6164,0,0,2,2021,1,2492.0,2645.3333333333335
2021-03-01,Lisinopril 10mg,6164,8685,3194.0,56,11599,0,0,3,2021,1,2946.0,2877.3333333333335
2021-04-01,Lisinopril 10mg,11599,0,2864.0,33,8702,0,0,4,2021,2,3194.0,3001.3333333333335
2021-05-01,Lisinopril 10mg,8702,0,3164.0,86,5452,0,0,5,2021,2,2864.0,3074.0
2021-06-01,Lisinopril 10mg,5452,8685,2837.0,60,11240,0,0,6,2021,2,3164.0,2955.0
2021-07-01,Lisinopril 10mg,11240,0,2835.0,121,8284,2,1,7,2021,3,2837.0,2945.3333333333335
2021-08-01,Lisinopril 10mg,8284,0,3019.0,19,5246,0,0,8,2021,3,2835.0,2897.0
2021-09-01,Lisinopril 10mg,5246,8685,3195.0,23,10713,0,0,9,2021,3,3019.0,3016.3333333333335
2021-11-01,Lisinopril 10mg,10561,0,2721.0,174,7666,0,0,11,2021,4,3195.0,2978.3333333333335
2021-12-01,Lisinopril 10mg,7666,8685,2814.0,108,13429,0,0,12,2021,4,2721.0,2910.0
2022-01-01,Lisinopril 10mg,13429,0,3079.0,17,10333,0,0,1,2022,1,2814.0,2871.3333333333335
2022-02-01,Lisinopril 10mg,10333,0,2533.0,90,7710,0,0,2,2022,1,3079.0,2808.6666666666665
2022-03-01,Lisinopril 10mg,7710,8685,3326.0,34,13035,5,1,3,2022,1,2533.0,2979.3333333333335
2022-04-01,Lisinopril 10mg,13035,0,3284.0,238,9513,0,0,4,2022,2,3326.0,3047.6666666666665
2022-05-01,Lisinopril 10mg,9513,0,2910.0,141,6462,0,0,5,2022,2,3284.0,3173.3333333333335
2022-06-01,Lisinopril 10mg,6462,8685,3223.0,46,11878,0,0,6,2022,2,2910.0,3139.0
2022-07-01,Lisinopril 10mg,11878,0,2631.0,131,9116,0,0,7,2022,3,3223.0,2921.3333333333335
2022-08-01,Lisinopril 10mg,9116,0,2663.0,31,6422,0,0,8,2022,3,2631.0,2839.0
2022-09-01,Lisinopril 10mg,6422,8685,2825.0,98,12184,0,0,9,2022,3,2663.0,2706.3333333333335
2022-10-01,Lisinopril 10mg,12184,0,2686.0,61,9437,0,0,10,2022,4,2825.0,2724.6666666666665
2022-11-01,Lisinopril 10mg,9437,0,2618.0,102,6717,0,0,11,2022,4,2686.0,2709.6666666666665
2022-12-01,Lisinopril 10mg,6717,8685,2559.0,82,12761,0,0,12,2022,4,2618.0,2621.0
2023-01-01,Lisinopril 10mg,12761,0,2878.0,96,9787,0,0,1,2023,1,2559.0,2685.0
2023-04-01,Lisinopril 10mg,18155,0,2689.0,341,15125,0,0,4,2023,2,2878.0,2708.6666666666665
2023-05-01,Lisinopril 10mg,15125,0,3279.0,137,11709,0,0,5,2023,2,2689.0,2948.6666666666665
2023-06-01,Lisinopril 10mg,11709,8685,2542.0,90,17762,0,0,6,2023,2,3279.0,2836.6666666666665
2023-07-01,Lisinopril 10mg,17762,0,3260.0,253,14249,0,0,7,2023,3,2542.0,3027.0
2023-08-01,Lisinopril 10mg,14249,0,3211.0,169,10869,0,0,8,2023,3,3260.0,3004.3333333333335
2023-09-01,Lisinopril 10mg,10869,8685,2728.0,91,16735,3,1,9,2023,3,3211.0,3066.3333333333335
2023-10-01,Lisinopril 10mg,16735,0,2762.0,236,13737,0,0,10,2023,4,2728.0,2900.3333333333335
2023-11-01,Lisinopril 10mg,13737,0,3194.0,239,10304,0,0,11,2023,4,2762.0,2894.6666666666665
2024-01-01,Lisinopril 10mg,18882,0,2700.0,78,16104,1,1,1,2024,1,3194.0,2885.3333333333335
2024-02-01,Lisinopril 10mg,16104,0,2462.0,223,13419,0,0,2,2024,1,2700.0,2785.3333333333335
2024-03-01,Lisinopril 10mg,13419,8685,3247.0,96,18761,0,0,3,2024,1,2462.0,2803.0
2024-04-01,Lisinopril 10mg,18761,0,3182.0,136,15443,0,0,4,2024,2,3247.0,2963.6666666666665
2024-05-01,Lisinopril 10mg,15443,0,2570.0,111,12762,0,0,5,2024,2,3182.0,2999.6666666666665
2024-06-01,Lisinopril 10mg,12762,8685,2899.0,33,18515,0,0,6,2024,2,2570.0,2883.6666666666665
2024-07-01,Lisinopril 10mg,18515,0,3185.0,61,15269,0,0,7,2024,3,2899.0,2884.6666666666665
2024-08-01,Lisinopril 10mg,15269,0,2950.0,258,12061,0,0,8,2024,3,3185.0,3011.3333333333335
2024-09-01,Lisinopril 10mg,12061,8685,2546.0,11,18189,0,0,9,2024,3,2950.0,2893.6666666666665
2024-10-01,Lisinopril 10mg,18189,0,2963.0,316,14910,0,0,10,2024,4,2546.0,2819.6666666666665
2024-11-01,Lisinopril 10mg,14910,0,2613.0,78,12219,0,0,11,2024,4,2963.0,2707.3333333333335
2024-12-01,Lisinopril 10mg,12219,8685,2996.0,62,17846,0,0,12,2024,4,2613.0,2857.3333333333335
2020-02-01,Losartan 50mg,3917,0,2199.0,40,1678,0,0,2,2020,1,1833.0,2016.0
2020-03-01,Losartan 50mg,1678,5754,1923.0,16,5493,0,0,3,2020,1,2199.0,1985.0
2020-04-01,Losartan 50mg,5493,0,1917.0,68,3508,0,0,4,2020,2,1923.0,2013.0
2020-05-01,Losartan 50mg,3508,0,2029.0,60,1419,0,0,5,2020,2,1917.0,1956.3333333333333
2020-06-01,Losartan 50mg,1419,5754,1699.0,2,5472,0,0,6,2020,2,2029.0,1881.6666666666667
2020-07-01,Losartan 50mg,5472,0,1660.0,9,3803,0,0,7,2020,3,1699.0,1796.0
2020-08-01,Losartan 50mg,3803,0,2109.0,67,1627,0,0,8,2020,3,1660.0,1822.6666666666667
2020-09-01,Losartan 50mg,1627,5754,1856.0,2,5523,0,0,9,2020,3,2109.0,1875.0
2020-10-01,Losartan 50mg,5523,0,1933.0,61,3529,0,0,10,2020,4,1856.0,1966.0
2020-11-01,Losartan 50mg,3529,0,1877.0,10,1642,0,0,11,2020,4,1933.0,1888.6666666666667
2020-12-01,Losartan 50mg,1642,5754,1978.0,6,5412,0,0,12,2020,4,1877.0,1929.3333333333333
2021-01-01,Losartan 50mg,5412,0,1668.0,5,3739,0,0,1,2021,1,1978.0,1841.0
2021-02-01,Losartan 50mg,3739,0,1962.0,62,1715,0,0,2,2021,1,1668.0,1869.3333333333333
2021-03-01,Losartan 50mg,1715,5754,1740.0,7,5722,0,0,3,2021,1,1962.0,1790.0
2021-04-01,Losartan 50mg,5722,0,1837.0,89,3796,7,1,4,2021,2,1740.0,1846.3333333333333
2021-06-01,Losartan 50mg,3781,5754,1789.0,33,7713,0,0,6,2021,2,1837.0,1788.6666666666667
2021-09-01,Losartan 50mg,0,5754,1648.0,0,4106,0,0,9,2021,3,1789.0,1758.0
2021-11-01,Losartan 50mg,4070,0,1859.0,50,2161,0,0,11,2021,4,1648.0,1765.3333333333333
2021-12-01,Losartan 50mg,2161,5754,2139.0,41,5735,0,0,12,2021,4,1859.0,1882.0
2022-01-01,Losartan 50mg,5735,0,1649.0,37,4049,0,0,1,2022,1,2139.0,1882.3333333333333
2022-02-01,Losartan 50mg,4049,0,1825.0,28,2196,0,0,2,2022,1,1649.0,1871.0
2022-03-01,Losartan 50mg,2196,5754,2023.0,43,5884,0,0,3,2022,1,1825.0,1832.3333333333333
2022-04-01,Losartan 50mg,5884,0,2112.0,28,3744,0,0,4,2022,2,2023.0,1986.6666666666667
2022-05-01,Losartan 50mg,3744,0,1971.0,65,1708,4,1,5,2022,2,2112.0,2035.3333333333333
2022-06-01,Losartan 50mg,1708,5754,1638.0,18,5806,0,0,6,2022,2,1971.0,1907.0
2022-07-01,Losartan 50mg,5806,0,2047.0,2,3757,0,0,7,2022,3,1638.0,1885.3333333333333
2022-08-01,Losartan 50mg,3757,0,2157.0,4,1596,0,0,8,2022,3,2047.0,1947.3333333333333
2022-09-01,Losartan 50mg,1596,5754,1860.0,5,5485,0,0,9,2022,3,2157.0,2021.3333333333333
2022-10-01,Losartan 50mg,5485,0,1786.0,82,3617,0,0,10,2022,4,1860.0,1934.3333333333333
2023-02-01,Losartan 50mg,9281,0,2079.0,118,7084,0,0,2,2023,1,1786.0,1908.3333333333333
2023-04-01,Losartan 50mg,12816,0,1671.0,128,11017,0,0,4,2023,2,2079.0,1845.3333333333333
2023-05-01,Losartan 50mg,11017,0,1823.0,154,9040,0,0,5,2023,2,1671.0,1857.6666666666667
2023-06-01,Losartan 50mg,9040,5754,1878.0,36,12880,0,0,6,2023,2,1823.0,1790.6666666666667
2023-07-01,Losartan 50mg,12880,0,1689.0,101,11090,0,0,7,2023,3,1878.0,1796.6666666666667
2023-08-01,Losartan 50mg,11090,0,1750.0,191,9149,0,0,8,2023,3,1689.0,1772.3333333333333
2023-09-01,Losartan 50mg,9149,5754,1700.0,144,13059,0,0,9,2023,3,1750.0,1713.0
2023-10-01,Losartan 50mg,13059,0,1768.0,205,11086,2,1,10,2023,4,1700.0,1739.3333333333333
2023-11-01,Losartan 50mg,11086,0,1798.0,43,9245,0,0,11,2023,4,1768.0,1755.3333333333333
2023-12-01,Losartan 50mg,9245,5754,1941.0,1,13057,0,0,12,2023,4,1798.0,1835.6666666666667
2024-01-01,Losartan 50mg,13057,0,1982.0,172,10903,0,0,1,2024,1,1941.0,1907.0
2024-02-01,Losartan 50mg,10903,0,1894.0,195,8814,0,0,2,2024,1,1982.0,1939.0
2024-03-01,Losartan 50mg,8814,5754,2160.0,4,12404,5,1,3,2024,1,1894.0,2012.0
2024-05-01,Losartan 50mg,12385,0,1767.0,244,10374,0,0,5,2024,2,2160.0,1940.3333333333333
2024-06-01,Losartan 50mg,10374,5754,1692.0,100,14336,0,0,6,2024,2,1767.0,1873.0
2024-07-01,Losartan 50mg,14336,0,2021.0,41,12274,0,0,7,2024,3,1692.0,1826.6666666666667
2024-08-01,Losartan 50mg,12274,0,1706.0,28,10540,0,0,8,2024,3,2021.0,1806.3333333333333
2024-09-01,Losartan 50mg,10540,5754,1991.0,27,14276,0,0,9,2024,3,1706.0,1906.0
2024-10-01,Losartan 50mg,14276,0,1897.0,24,12355,0,0,10,2024,4,1991.0,1864.6666666666667
2024-11-01,Losartan 50mg,12355,0,1872.0,26,10457,0,0,11,2024,4,1897.0,1920.0
2024-12-01,Losartan 50mg,10457,5754,1742.0,39,14430,0,0,12,2024,4,1872.0,1837.0
2020-03-01,Metformin 500mg,0,7722,2196.0,0,5526,2,1,3,2020,1,2226.0,2211.0
2020-04-01,Metformin 500mg,5526,0,2896.0,3,2627,0,0,4,2020,2,2196.0,2439.3333333333335
2020-05-01,Metformin 500mg,2627,0,2794.0,36,0,0,0,5,2020,2,2896.0,2628.6666666666665
2020-06-01,Metformin 500mg,0,7722,2817.0,0,4905,0,0,6,2020,2,2794.0,2835.6666666666665
2020-07-01,Metformin 500mg,4905,0,2583.0,36,2286,1,1,7,2020,3,2817.0,2731.3333333333335
2020-08-01,Metformin 500mg,2286,0,2500.0,43,0,0,0,8,2020,3,2583.0,2633.3333333333335
2020-09-01,Metformin 500mg,0,7722,2596.0,0,5126,0,0,9,2020,3,2500.0,2559.6666666666665
2020-10-01,Metformin 500mg,5126,0,2654.0,14,2458,3,1,10,2020,4,2596.0,2583.3333333333335
2020-11-01,Metformin 500mg,2458,0,2851.0,48,0,1,1,11,2020,4,2654.0,2700.3333333333335
2021-01-01,Metformin 500mg,7722,0,2747.0,99,4876,0,0,1,2021,1,2851.0,2750.6666666666665
2021-03-01,Metformin 500mg,4839,7722,2446.0,55,10060,0,0,3,2021,1,2747.0,2681.3333333333335
2021-04-01,Metformin 500mg,10060,0,2642.0,163,7255,0,0,4,2021,2,2446.0,2611.6666666666665
2021-05-01,Metformin 500mg,7255,0,2648.0,7,4600,0,0,5,2021,2,2642.0,2578.6666666666665
2021-06-01,Metformin 500mg,4600,7722,2650.0,59,9613,0,0,6,2021,2,2648.0,2646.6666666666665
2021-07-01,Metformin 500mg,9613,0,2341.0,131,7141,0,0,7,2021,3,2650.0,2546.3333333333335
2021-08-01,Metformin 500mg,7141,0,2262.0,108,4771,0,0,8,2021,3,2341.0,2417.6666666666665
2021-09-01,Metformin 500mg,4771,7722,2219.0,15,10259,0,0,9,2021,3,2262.0,2274.0
2021-10-01,Metformin 500mg,10259,0,2592.0,7,7660,0,0,10,2021,4,2219.0,2357.6666666666665
2021-12-01,Metformin 500mg,7545,7722,2722.0,22,12523,0,0,12,2021,4,2592.0,2511.0
2022-01-01,Metformin 500mg,12523,0,2471.0,140,9912,0,0,1,2022,1,2722.0,2595.0
2022-02-01,Metformin 500mg,9912,0,2614.0,177,7121,0,0,2,2022,1,2471.0,2602.3333333333335
2022-03-01,Metformin 500mg,7121,7722,2297.0,1,12545,0,0,3,2022,1,2614.0,2460.6666666666665
2022-04-01,Metformin 500mg,12545,0,2347.0,45,10153,0,0,4,2022,2,2297.0,2419.3333333333335
2022-05-01,Metformin 500mg,10153,0,2812.0,130,7211,0,0,5,2022,2,2347.0,2485.3333333333335
2022-06-01,Metformin 500mg,7211,7722,2357.0,81,12495,0,0,6,2022,2,2812.0,2505.3333333333335
2022-07-01,Metformin 500mg,12495,0,2218.0,148,10129,0,0,7,2022,3,2357.0,2462.3333333333335
2022-08-01,Metformin 500mg,10129,0,2877.0,137,7115,1,1,8,2022,3,2218.0,2484.0
2022-09-01,Metformin 500mg,7115,7722,2646.0,39,12152,0,0,9,2022,3,2877.0,2580.3333333333335
2022-11-01,Metformin 500mg,11978,0,2618.0,25,9335,0,0,11,2022,4,2646.0,2713.6666666666665
2022-12-01,Metformin 500mg,9335,7722,2651.0,176,14230,0,0,12,2022,4,2618.0,2638.3333333333335
2023-02-01,Metformin 500mg,14097,0,2447.0,187,11463,0,0,2,2023,1,2651.0,2572.0
2023-04-01,Metformin 500mg,19122,0,2500.0,34,16588,0,0,4,2023,2,2447.0,2532.6666666666665
2023-05-01,Metformin 500mg,16588,0,2293.0,113,14182,0,0,5,2023,2,2500.0,2413.3333333333335
2023-06-01,Metformin 500mg,14182,7722,2702.0,61,19141,0,0,6,2023,2,2293.0,2498.3333333333335
2023-07-01,Metformin 500mg,19141,0,2775.0,78,16288,0,0,7,2023,3,2702.0,2590.0
2023-08-01,Metformin 500mg,16288,0,2783.0,85,13420,0,0,8,2023,3,2775.0,2753.3333333333335
2023-09-01,Metformin 500mg,13420,7722,2908.0,47,18187,7,1,9,2023,3,2783.0,2822.0
2023-10-01,Metformin 500mg,18187,0,2206.0,242,15739,0,0,10,2023,4,2908.0,2632.3333333333335
2023-12-01,Metformin 500mg,15437,7722,2947.0,163,20049,0,0,12,2023,4,2206.0,2687.0
2024-01-01,Metformin 500mg,20049,0,2754.0,14,17281,0,0,1,2024,1,2947.0,2635.6666666666665
2024-03-01,Metformin 500mg,0,7722,2720.0,0,5002,0,0,3,2024,1,2754.0,2807.0
2024-04-01,Metformin 500mg,5002,0,2319.0,55,2628,0,0,4,2024,2,2720.0,2597.6666666666665
2024-05-01,Metformin 500mg,2628,0,2368.0,20,240,2,1,5,2024,2,2319.0,2469.0
2024-07-01,Metformin 500mg,0,0,2839.0,0,0,0,0,7,2024,3,2368.0,2508.6666666666665
2024-08-01,Metformin 500mg,0,0,2296.0,0,0,0,0,8,2024,3,2839.0,2501.0
2024-09-01,Metformin 500mg,0,7722,2601.0,0,5121,0,0,9,2024,3,2296.0,2578.6666666666665
2024-10-01,Metformin 500mg,5121,0,2639.0,94,2388,0,0,10,2024,4,2601.0,2512.0
2024-11-01,Metformin 500mg,2388,0,2593.0,29,0,0,0,11,2024,4,2639.0,2611.0
2024-12-01,Metformin 500mg,0,7722,2704.0,0,5018,0,0,12,2024,4,2593.0,2645.3333333333335
2020-02-01,Methyldopa 250mg,5201,0,2381.0,38,2782,0,0,2,2020,1,2488.0,2434.5
2020-03-01,Methyldopa 250mg,2782,7776,2548.0,6,8004,0,0,3,2020,1,2381.0,2472.3333333333335
2020-04-01,Methyldopa 250mg,8004,0,2907.0,72,5025,0,0,4,2020,2,2548.0,2612.0
2020-05-01,Methyldopa 250mg,5025,0,2327.0,48,2650,0,0,5,2020,2,2907.0,2594.0
2020-06-01,Methyldopa 250mg,2650,7776,2902.0,26,7498,1,1,6,2020,2,2327.0,2712.0
2020-08-01,Methyldopa 250mg,0,0,2583.0,0,0,0,0,8,2020,3,2902.0,2604.0
2020-09-01,Methyldopa 250mg,0,7776,2803.0,0,4973,0,0,9,2020,3,2583.0,2762.6666666666665
2020-11-01,Methyldopa 250mg,4929,0,2657.0,81,2191,0,0,11,2020,4,2803.0,2681.0
2021-01-01,Methyldopa 250mg,0,0,2777.0,0,0,0,0,1,2021,1,2657.0,2745.6666666666665
2021-05-01,Methyldopa 250mg,7796,0,2663.0,23,5110,0,0,5,2021,2,2777.0,2699.0
2021-06-01,Methyldopa 250mg,5110,7776,2847.0,77,9962,0,0,6,2021,2,2663.0,2762.3333333333335
2021-07-01,Methyldopa 250mg,9962,0,2520.0,27,7415,0,0,7,2021,3,2847.0,2676.6666666666665
2021-08-01,Methyldopa 250mg,7415,0,2461.0,7,4947,0,0,8,2021,3,2520.0,2609.3333333333335
2021-09-01,Methyldopa 250mg,4947,7776,2905.0,8,9810,0,0,9,2021,3,2461.0,2628.6666666666665
2021-10-01,Methyldopa 250mg,9810,0,2349.0,41,7420,0,0,10,2021,4,2905.0,2571.6666666666665
2021-11-01,Methyldopa 250mg,7420,0,2458.0,22,4940,0,0,11,2021,4,2349.0,2570.6666666666665
2021-12-01,Methyldopa 250mg,4940,7776,2214.0,63,10439,0,0,12,2021,4,2458.0,2340.3333333333335
2022-01-01,Methyldopa 250mg,10439,0,2325.0,199,7915,0,0,1,2022,1,2214.0,2332.3333333333335
2022-02-01,Methyldopa 250mg,7915,0,2437.0,65,5413,0,0,2,2022,1,2325.0,2325.3333333333335
2022-03-01,Methyldopa 250mg,5413,7776,2432.0,81,10676,2,1,3,2022,1,2437.0,2398.0
2022-04-01,Methyldopa 250mg,10676,0,2474.0,82,8120,0,0,4,2022,2,2432.0,2447.6666666666665
2022-05-01,Methyldopa 250mg,8120,0,2519.0,161,5440,0,0,5,2022,2,2474.0,2475.0
2022-06-01,Methyldopa 250mg,5440,7776,2218.0,37,10961,0,0,6,2022,2,2519.0,2403.6666666666665
2022-07-01,Methyldopa 250mg,10961,0,2359.0,76,8526,0,0,7,2022,3,2218.0,2365.3333333333335
2022-08-01,Methyldopa 250mg,8526,0,2764.0,47,5715,0,0,8,2022,3,2359.0,2447.0
2022-09-01,Methyldopa 250mg,5715,7776,2372.0,106,11013,0,0,9,2022,3,2764.0,2498.3333333333335
2022-10-01,Methyldopa 250mg,11013,0,2805.0,175,8033,0,0,10,2022,4,2372.0,2647.0
2022-11-01,Methyldopa 250mg,8033,0,2354.0,55,5624,0,0,11,2022,4,2805.0,2510.3333333333335
2022-12-01,Methyldopa 250mg,5624,7776,2220.0,84,11096,0,0,12,2022,4,2354.0,2459.6666666666665
2023-01-01,Methyldopa 250mg,11096,0,2598.0,58,8440,0,0,1,2023,1,2220.0,2390.6666666666665
2023-02-01,Methyldopa 250mg,8440,0,2869.0,15,5556,2,1,2,2023,1,2598.0,2562.3333333333335
2023-04-01,Methyldopa 250mg,13292,0,2666.0,215,10411,0,0,4,2023,2,2869.0,2711.0
2023-06-01,Methyldopa 250mg,10288,7776,2365.0,147,15552,0,0,6,2023,2,2666.0,2633.3333333333335
2023-07-01,Methyldopa 250mg,15552,0,2436.0,200,12916,0,0,7,2023,3,2365.0,2489.0
2023-08-01,Methyldopa 250mg,12916,0,2482.0,144,10290,0,0,8,2023,3,2436.0,2427.6666666666665
2023-09-01,Methyldopa 250mg,10290,7776,2760.0,90,15216,0,0,9,2023,3,2482.0,2559.3333333333335
2023-10-01,Methyldopa 250mg,15216,0,2700.0,133,12383,0,0,10,2023,4,2760.0,2647.3333333333335
2023-11-01,Methyldopa 250mg,12383,0,2767.0,199,9417,0,0,11,2023,4,2700.0,2742.3333333333335
2024-01-01,Methyldopa 250mg,17078,0,2669.0,27,14382,0,0,1,2024,1,2767.0,2712.0
2024-02-01,Methyldopa 250mg,14382,0,2277.0,230,11875,0,0,2,2024,1,2669.0,2571.0
2024-03-01,Methyldopa 250mg,11875,7776,2776.0,79,16796,0,0,3,2024,1,2277.0,2574.0
2024-04-01,Methyldopa 250mg,16796,0,2488.0,41,14267,0,0,4,2024,2,2776.0,2513.6666666666665
2024-05-01,Methyldopa 250mg,14267,0,2859.0,223,11185,0,0,5,2024,2,2488.0,2707.6666666666665
2024-06-01,Methyldopa 250mg,11185,7776,2405.0,76,16480,0,0,6,2024,2,2859.0,2584.0
2024-07-01,Methyldopa 250mg,16480,0,2652.0,187,13641,0,0,7,2024,3,2405.0,2638.6666666666665
2024-08-01,Methyldopa 250mg,13641,0,2636.0,190,10815,0,0,8,2024,3,2652.0,2564.3333333333335
2024-09-01,Methyldopa 250mg,10815,7776,2483.0,94,16014,0,0,9,2024,3,2636.0,2590.3333333333335
2024-11-01,Methyldopa 250mg,15991,0,2590.0,229,13172,0,0,11,2024,4,2483.0,2569.6666666666665
2020-02-01,Nifedipine 20mg,1015,0,528.0,1,486,0,0,2,2020,1,520.0,524.0
2020-03-01,Nifedipine 20mg,486,1551,501.0,1,1535,0,0,3,2020,1,528.0,516.3333333333334
2020-04-01,Nifedipine 20mg,1535,0,552.0,7,976,0,0,4,2020,2,501.0,527.0
2020-05-01,Nifedipine 20mg,976,0,460.0,0,516,0,0,5,2020,2,552.0,504.3333333333333
2020-06-01,Nifedipine 20mg,516,1551,574.0,5,1488,0,0,6,2020,2,460.0,528.6666666666666
2020-09-01,Nifedipine 20mg,1463,1551,463.0,0,2551,1,1,9,2020,3,574.0,499.0
2020-10-01,Nifedipine 20mg,2551,0,509.0,22,2020,0,0,10,2020,4,463.0,515.3333333333334
2020-12-01,Nifedipine 20mg,2016,1551,449.0,7,3111,0,0,12,2020,4,509.0,473.6666666666667
2021-01-01,Nifedipine 20mg,3111,0,520.0,13,2578,0,0,1,2021,1,449.0,492.6666666666667
2021-02-01,Nifedipine 20mg,2578,0,478.0,9,2091,0,0,2,2021,1,520.0,482.3333333333333
2021-03-01,Nifedipine 20mg,2091,1551,493.0,36,3113,0,0,3,2021,1,478.0,497.0
2021-05-01,Nifedipine 20mg,3054,0,452.0,17,2585,0,0,5,2021,2,493.0,474.3333333333333
2021-06-01,Nifedipine 20mg,2585,1551,483.0,48,3605,0,0,6,2021,2,452.0,476.0
2021-07-01,Nifedipine 20mg,3605,0,589.0,66,2950,0,0,7,2021,3,483.0,508.0
2021-08-01,Nifedipine 20mg,2950,0,505.0,27,2418,0,0,8,2021,3,589.0,525.6666666666666
2021-09-01,Nifedipine 20mg,2418,1551,577.0,14,3378,5,1,9,2021,3,505.0,557.0
2021-10-01,Nifedipine 20mg,3378,0,576.0,17,2785,0,0,10,2021,4,577.0,552.6666666666666
2021-11-01,Nifedipine 20mg,2785,0,558.0,12,2215,0,0,11,2021,4,576.0,570.3333333333334
2021-12-01,Nifedipine 20mg,2215,1551,591.0,0,3175,0,0,12,2021,4,558.0,575.0
2022-01-01,Nifedipine 20mg,3175,0,468.0,61,2646,0,0,1,2022,1,591.0,539.0
2022-02-01,Nifedipine 20mg,2646,0,505.0,16,2125,0,0,2,2022,1,468.0,521.3333333333334
2022-03-01,Nifedipine 20mg,2125,1551,535.0,32,3109,1,1,3,2022,1,505.0,502.6666666666667
2022-04-01,Nifedipine 20mg,3109,0,555.0,26,2528,0,0,4,2022,2,535.0,531.6666666666666
2022-05-01,Nifedipine 20mg,2528,0,564.0,21,1943,0,0,5,2022,2,555.0,551.3333333333334
2022-06-01,Nifedipine 20mg,1943,1551,551.0,18,2925,0,0,6,2022,2,564.0,556.6666666666666
2022-07-01,Nifedipine 20mg,2925,0,530.0,29,2366,0,0,7,2022,3,551.0,548.3333333333334
2022-08-01,Nifedipine 20mg,2366,0,569.0,31,1766,0,0,8,2022,3,530.0,550.0
2022-09-01,Nifedipine 20mg,1766,1551,545.0,15,2757,0,0,9,2022,3,569.0,548.0
2022-11-01,Nifedipine 20mg,2704,0,552.0,5,2147,4,1,11,2022,4,545.0,555.3333333333334
2022-12-01,Nifedipine 20mg,2147,1551,481.0,23,3194,2,1,12,2022,4,552.0,526.0
2023-01-01,Nifedipine 20mg,3194,0,451.0,29,2714,0,0,1,2023,1,481.0,494.6666666666667
2023-03-01,Nifedipine 20mg,2674,1551,580.0,26,3619,0,0,3,2023,1,451.0,504.0
2023-04-01,Nifedipine 20mg,3619,0,447.0,23,3149,0,0,4,2023,2,580.0,492.6666666666667
2023-07-01,Nifedipine 20mg,4684,0,552.0,1,4131,0,0,7,2023,3,447.0,526.3333333333334
2023-08-01,Nifedipine 20mg,4131,0,516.0,66,3549,0,0,8,2023,3,552.0,505.0
2023-09-01,Nifedipine 20mg,3549,1551,491.0,70,4539,1,1,9,2023,3,516.0,519.6666666666666
2023-10-01,Nifedipine 20mg,4539,0,575.0,12,3952,0,0,10,2023,4,491.0,527.3333333333334
2023-11-01,Nifedipine 20mg,3952,0,561.0,15,3376,0,0,11,2023,4,575.0,542.3333333333334
2023-12-01,Nifedipine 20mg,3376,1551,567.0,47,4313,6,1,12,2023,4,561.0,567.6666666666666
2024-01-01,Nifedipine 20mg,4313,0,570.0,67,3676,0,0,1,2024,1,567.0,566.0
2024-02-01,Nifedipine 20mg,3676,0,589.0,54,3033,0,0,2,2024,1,570.0,575.3333333333334
2024-03-01,Nifedipine 20mg,3033,1551,479.0,0,4105,2,1,3,2024,1,589.0,546.0
2024-05-01,Nifedipine 20mg,4102,0,479.0,24,3599,0,0,5,2024,2,479.0,515.6666666666666
2024-06-01,Nifedipine 20mg,3599,1551,565.0,23,4562,0,0,6,2024,2,479.0,507.6666666666667
2024-07-01,Nifedipine 20mg,4562,0,447.0,11,4104,0,0,7,2024,3,565.0,497.0
2024-08-01,Nifedipine 20mg,4104,0,515.0,78,3511,0,0,8,2024,3,447.0,509.0
2024-09-01,Nifedipine 20mg,3511,1551,584.0,64,4414,0,0,9,2024,3,515.0,515.3333333333334
2024-10-01,Nifedipine 20mg,4414,0,4980.0,50,0,0,0,10,2024,4,584.0,2026.3333333333333
2024-11-01,Nifedipine 20mg,0,0,499.0,0,0,1,1,11,2024,4,4980.0,2021.0
2024-12-01,Nifedipine 20mg,0,1551,506.0,0,1045,0,0,12,2024,4,499.0,1995.0
2020-02-01,Soluble Aspirin 75mg,4669,0,2171.0,31,2467,0,0,2,2020,1,2700.0,2435.5
2020-03-01,Soluble Aspirin 75mg,2467,7380,2402.0,46,7399,1,1,3,2020,1,2171.0,2424.3333333333335
2020-04-01,Soluble Aspirin 75mg,7399,0,2692.0,34,4673,2,1,4,2020,2,2402.0,2421.6666666666665
2020-06-01,Soluble Aspirin 75mg,4586,7380,2372.0,25,9569,0,0,6,2020,2,2692.0,2488.6666666666665
2020-07-01,Soluble Aspirin 75mg,9569,0,2401.0,69,7099,0,0,7,2020,3,2372.0,2488.3333333333335
2020-08-01,Soluble Aspirin 75mg,7099,0,2351.0,95,4653,0,0,8,2020,3,2401.0,2374.6666666666665
2020-09-01,Soluble Aspirin 75mg,4653,7380,2123.0,75,9835,0,0,9,2020,3,2351.0,2291.6666666666665
2020-10-01,Soluble Aspirin 75mg,9835,0,2548.0,49,7238,0,0,10,2020,4,2123.0,2340.6666666666665
2020-11-01,Soluble Aspirin 75mg,7238,0,2722.0,78,4438,0,0,11,2020,4,2548.0,2464.3333333333335
2020-12-01,Soluble Aspirin 75mg,4438,7380,2485.0,25,9308,0,0,12,2020,4,2722.0,2585.0
2021-01-01,Soluble Aspirin 75mg,9308,0,2794.0,48,6466,0,0,1,2021,1,2485.0,2667.0
2021-02-01,Soluble Aspirin 75mg,6466,0,2118.0,20,4328,0,0,2,2021,1,2794.0,2465.6666666666665
2021-03-01,Soluble Aspirin 75mg,4328,7380,2122.0,41,9545,0,0,3,2021,1,2118.0,2344.6666666666665
2021-04-01,Soluble Aspirin 75mg,9545,0,2729.0,54,6762,0,0,4,2021,2,2122.0,2323.0
2021-05-01,Soluble Aspirin 75mg,6762,0,2595.0,87,4080,0,0,5,2021,2,2729.0,2482.0
2021-06-01,Soluble Aspirin 75mg,4080,7380,2446.0,27,8987,0,0,6,2021,2,2595.0,2590.0
2021-07-01,Soluble Aspirin 75mg,8987,0,2449.0,98,6440,0,0,7,2021,3,2446.0,2496.6666666666665
2021-09-01,Soluble Aspirin 75mg,6364,7380,2486.0,53,11205,0,0,9,2021,3,2449.0,2460.3333333333335
2021-10-01,Soluble Aspirin 75mg,11205,0,2255.0,142,8808,0,0,10,2021,4,2486.0,2396.6666666666665
2021-11-01,Soluble Aspirin 75mg,8808,0,2729.0,12,6067,0,0,11,2021,4,2255.0,2490.0
2021-12-01,Soluble Aspirin 75mg,6067,7380,2168.0,115,11164,0,0,12,2021,4,2729.0,2384.0
2022-01-01,Soluble Aspirin 75mg,11164,0,2391.0,113,8660,0,0,1,2022,1,2168.0,2429.3333333333335
2022-02-01,Soluble Aspirin 75mg,8660,0,2425.0,37,6198,0,0,2,2022,1,2391.0,2328.0
2022-03-01,Soluble Aspirin 75mg,6198,7380,2344.0,37,11197,3,1,3,2022,1,2425.0,2386.6666666666665
2022-04-01,Soluble Aspirin 75mg,11197,0,2315.0,213,8669,0,0,4,2022,2,2344.0,2361.3333333333335
2022-06-01,Soluble Aspirin 75mg,8618,7380,2506.0,11,13481,7,1,6,2022,2,2315.0,2388.3333333333335
2022-07-01,Soluble Aspirin 75mg,13481,0,2094.0,34,11353,0,0,7,2022,3,2506.0,2305.0
2022-08-01,Soluble Aspirin 75mg,11353,0,2722.0,14,8617,0,0,8,2022,3,2094.0,2440.6666666666665
2022-10-01,Soluble Aspirin 75mg,15995,0,2612.0,199,13184,0,0,10,2022,4,2722.0,2476.0
2022-11-01,Soluble Aspirin 75mg,13184,0,2440.0,63,10681,0,0,11,2022,4,2612.0,2591.3333333333335
2022-12-01,Soluble Aspirin 75mg,10681,7380,2174.0,72,15815,7,1,12,2022,4,2440.0,2408.6666666666665
2023-01-01,Soluble Aspirin 75mg,15815,0,2124.0,92,13599,1,1,1,2023,1,2174.0,2246.0
2023-02-01,Soluble Aspirin 75mg,13599,0,2491.0,125,10983,6,1,2,2023,1,2124.0,2263.0
2023-06-01,Soluble Aspirin 75mg,17963,7380,2142.0,331,22870,0,0,6,2023,2,2491.0,2252.3333333333335
2023-07-01,Soluble Aspirin 75mg,22870,0,2627.0,317,19926,0,0,7,2023,3,2142.0,2420.0
2023-08-01,Soluble Aspirin 75mg,19926,0,2698.0,247,16981,0,0,8,2023,3,2627.0,2489.0
2023-09-01,Soluble Aspirin 75mg,16981,7380,2692.0,37,21632,0,0,9,2023,3,2698.0,2672.3333333333335
2023-10-01,Soluble Aspirin 75mg,21632,0,2458.0,207,18967,0,0,10,2023,4,2692.0,2616.0
2023-11-01,Soluble Aspirin 75mg,18967,0,2673.0,28,16266,0,0,11,2023,4,2458.0,2607.6666666666665
2023-12-01,Soluble Aspirin 75mg,16266,7380,2811.0,285,20550,1,1,12,2023,4,2673.0,2647.3333333333335
2024-01-01,Soluble Aspirin 75mg,20550,0,2564.0,250,17736,0,0,1,2024,1,2811.0,2682.6666666666665
2024-02-01,Soluble Aspirin 75mg,17736,0,2712.0,31,14993,0,0,2,2024,1,2564.0,2695.6666666666665
2024-03-01,Soluble Aspirin 75mg,14993,7380,2271.0,29,20073,2,1,3,2024,1,2712.0,2515.6666666666665
2024-04-01,Soluble Aspirin 75mg,20073,0,2765.0,44,17264,0,0,4,2024,2,2271.0,2582.6666666666665
2024-06-01,Soluble Aspirin 75mg,16999,7380,2559.0,6,21814,2,1,6,2024,2,2765.0,2531.6666666666665
2024-07-01,Soluble Aspirin 75mg,21814,0,2097.0,1,19716,0,0,7,2024,3,2559.0,2473.6666666666665
2024-08-01,Soluble Aspirin 75mg,19716,0,2755.0,261,16700,0,0,8,2024,3,2097.0,2470.3333333333335
2024-09-01,Soluble Aspirin 75mg,16700,7380,2275.0,53,21752,0,0,9,2024,3,2755.0,2375.6666666666665
2024-10-01,Soluble Aspirin 75mg,21752,0,2673.0,66,19013,2,1,10,2024,4,2275.0,2567.6666666666665
2024-11-01,Soluble Aspirin 75mg,19013,0,2374.0,29,16610,0,0,11,2024,4,2673.0,2440.6666666666665
2024-12-01,Soluble Aspirin 75mg,16610,7380,2124.0,156,21710,0,0,12,2024,4,2374.0,2390.3333333333335
